{
  "3": {
    "n_control_samples": 52300,
    "mean_return": 0.00046508345388059704,
    "std_return": 0.03344998697243119,
    "win_rate": 0.5068642447418739
  },
  "5": {
    "n_control_samples": 79720,
    "mean_return": 0.0008825622628291678,
    "std_return": 0.036345819217949875,
    "win_rate": 0.5113647767185148
  },
  "7": {
    "n_control_samples": 79720,
    "mean_return": 0.0025464104894269706,
    "std_return": 0.046988588332725595,
    "win_rate": 0.5237330657300552
  },
  "10": {
    "n_control_samples": 79720,
    "mean_return": 0.0036335314354281117,
    "std_return": 0.057126009174041745,
    "win_rate": 0.5280356246864024
  },
  "14": {
    "n_control_samples": 79720,
    "mean_return": 0.005477384932014865,
    "std_return": 0.06775363361248574,
    "win_rate": 0.5372679377822378
  },
  "18": {
    "n_control_samples": 79720,
    "mean_return": 0.007380437418198051,
    "std_return": 0.07661668642528625,
    "win_rate": 0.5402910185649774
  },
  "21": {
    "n_control_samples": 79720,
    "mean_return": 0.009947985975800565,
    "std_return": 0.08390564114754336,
    "win_rate": 0.5478549924736578
  },
  "25": {
    "n_control_samples": 79720,
    "mean_return": 0.010578912544873604,
    "std_return": 0.09134514481656694,
    "win_rate": 0.5451705970898143
  },
  "30": {
    "n_control_samples": 79720,
    "mean_return": 0.01386186712974475,
    "std_return": 0.10246872410647594,
    "win_rate": 0.5507526342197692
  },
  "40": {
    "n_control_samples": 79720,
    "mean_return": 0.01861034637885788,
    "std_return": 0.11796801589765835,
    "win_rate": 0.553273958855996
  },
  "50": {
    "n_control_samples": 79720,
    "mean_return": 0.024303082423670984,
    "std_return": 0.1369667108001355,
    "win_rate": 0.5611891620672353
  },
  "60": {
    "n_control_samples": 79720,
    "mean_return": 0.02868584076205299,
    "std_return": 0.1542787368209015,
    "win_rate": 0.5634094330155545
  }
}