{
  "3": {
    "n_trades": 2615,
    "n_tickers": 455,
    "mean_return": 0.001340693415418485,
    "std_return": 0.02860883849903181,
    "win_rate": 0.5273422562141491,
    "worst": -0.13139260248294485,
    "best": 0.1836675533071218,
    "p_value": 0.016625431313571387,
    "per_ticker_avg_total": 0.008043549550957756
  },
  "5": {
    "n_trades": 3986,
    "n_tickers": 501,
    "mean_return": 0.0014653872178741034,
    "std_return": 0.03144508750487562,
    "win_rate": 0.519568489713999,
    "worst": -0.15536398949908253,
    "best": 0.33306326061643576,
    "p_value": 0.003277963179843465,
    "per_ticker_avg_total": 0.01210235369897711
  },
  "7": {
    "n_trades": 3986,
    "n_tickers": 501,
    "mean_return": 0.0031437215645618304,
    "std_return": 0.04167067552661198,
    "win_rate": 0.5275965880582038,
    "worst": -0.28094870908212105,
    "best": 0.5320698056698304,
    "p_value": 1.9750436363023133e-06,
    "per_ticker_avg_total": 0.026512551562776886
  },
  "10": {
    "n_trades": 3986,
    "n_tickers": 501,
    "mean_return": 0.006423575287420958,
    "std_return": 0.04977335524481608,
    "win_rate": 0.557451078775715,
    "worst": -0.28094870908212105,
    "best": 0.5670147179992138,
    "p_value": 4.905586097207757e-16,
    "per_ticker_avg_total": 0.05433111925797482
  },
  "14": {
    "n_trades": 3986,
    "n_tickers": 501,
    "mean_return": 0.010678132544838983,
    "std_return": 0.05885866944025932,
    "win_rate": 0.5725037631710989,
    "worst": -0.26725766898881487,
    "best": 0.4718392611422018,
    "p_value": 6.571632316950616e-30,
    "per_ticker_avg_total": 0.08921817095940643
  },
  "18": {
    "n_trades": 3986,
    "n_tickers": 501,
    "mean_return": 0.015223886254990611,
    "std_return": 0.06747488397118427,
    "win_rate": 0.5943301555444054,
    "worst": -0.3164615803708545,
    "best": 0.49277718523916386,
    "p_value": 6.034092044023112e-45,
    "per_ticker_avg_total": 0.12998159651844865
  },
  "21": {
    "n_trades": 3986,
    "n_tickers": 501,
    "mean_return": 0.016834694371899377,
    "std_return": 0.07676593322884284,
    "win_rate": 0.6021073758153538,
    "worst": -0.3306285049377904,
    "best": 0.8541402292054433,
    "p_value": 1.296408465215023e-42,
    "per_ticker_avg_total": 0.1430939814421719
  },
  "25": {
    "n_trades": 3986,
    "n_tickers": 501,
    "mean_return": 0.02147682888405165,
    "std_return": 0.08595304244990033,
    "win_rate": 0.6043652784746613,
    "worst": -0.503879447917018,
    "best": 0.8554140546642814,
    "p_value": 1.9785093998297955e-54,
    "per_ticker_avg_total": 0.18815190257937017
  },
  "30": {
    "n_trades": 3986,
    "n_tickers": 501,
    "mean_return": 0.023109166248731293,
    "std_return": 0.0981179507446009,
    "win_rate": 0.5975915704967386,
    "worst": -0.504248547253209,
    "best": 1.1449715108032255,
    "p_value": 1.024776186752494e-48,
    "per_ticker_avg_total": 0.2079776530441609
  },
  "40": {
    "n_trades": 3986,
    "n_tickers": 501,
    "mean_return": 0.023726544159135363,
    "std_return": 0.10313151230333668,
    "win_rate": 0.5983442047165077,
    "worst": -0.5164807088416229,
    "best": 1.1125211834920619,
    "p_value": 1.2841704126092974e-46,
    "per_ticker_avg_total": 0.2094184452363408
  },
  "50": {
    "n_trades": 3986,
    "n_tickers": 501,
    "mean_return": 0.024447427855830293,
    "std_return": 0.12183165328528607,
    "win_rate": 0.5735072754641244,
    "worst": -0.5139231725922813,
    "best": 1.4193211233156537,
    "p_value": 4.323808158049821e-36,
    "per_ticker_avg_total": 0.23473669885311013
  },
  "60": {
    "n_trades": 3986,
    "n_tickers": 501,
    "mean_return": 0.02244720361481473,
    "std_return": 0.13664957502484096,
    "win_rate": 0.5519317611640743,
    "worst": -0.5320199862454295,
    "best": 2.152678007106617,
    "p_value": 6.942422741787744e-25,
    "per_ticker_avg_total": 0.22039631518135447
  }
}