{"results": {"A": {"num_trades": 0, "total_return": null, "win_rate": null, "avg_return": null, "buy_hold": 0.09394347840014002}, "ABBV": {"num_trades": 4, "total_return": 0.24078555565423398, "win_rate": 1.0, "avg_return": 0.05587792633132597, "buy_hold": 0.1451883153111602}, "ABNB": {"num_trades": 1, "total_return": 0.009263428413568198, "win_rate": 1.0, "avg_return": 0.009263428413568222, "buy_hold": 0.03571940025812044}, "ACGL": {"num_trades": 3, "total_return": 0.12309117610993536, "win_rate": 1.0, "avg_return": 0.039520000936710244, "buy_hold": 0.055970531722611676}, "ADI": {"num_trades": 2, "total_return": -0.1905769993923312, "win_rate": 0.0, "avg_return": -0.10016041172175344, "buy_hold": -0.06644953006097343}, "ADM": {"num_trades": 1, "total_return": 0.0035787344707292057, "win_rate": 1.0, "avg_return": 0.003578734470729236, "buy_hold": 0.0037908616408803106}, "AEE": {"num_trades": 3, "total_return": -0.047611816703793663, "win_rate": 0.0, "avg_return": -0.016054645974346228, "buy_hold": 0.08630188839425604}, "AEP": {"num_trades": 4, "total_return": 0.04102056339191407, "win_rate": 0.5, "avg_return": 0.010447075304099537, "buy_hold": 0.08123487816225515}, "AES": {"num_trades": 1, "total_return": -0.0016816788568388974, "win_rate": 0.0, "avg_return": -0.001681678856838868, "buy_hold": 0.004106804998402261}, "AFL": {"num_trades": 1, "total_return": -0.01645046934647687, "win_rate": 0.0, "avg_return": -0.016450469346476898, "buy_hold": 0.03363733425642196}, "ALGN": {"num_trades": 2, "total_return": 0.1224470740050283, "win_rate": 1.0, "avg_return": 0.05945604253446339, "buy_hold": 0.02823715744224953}, "ALL": {"num_trades": 3, "total_return": 0.10364695478891739, "win_rate": 1.0, "avg_return": 0.03345615074070416, "buy_hold": 0.08097986398847379}, "AMAT": {"num_trades": 2, "total_return": 0.11778733603074865, "win_rate": 0.5, "avg_return": 0.06494353802922195, "buy_hold": 0.057208468128915}, "AMCR": {"num_trades": 1, "total_return": 0.028245231583605035, "win_rate": 1.0, "avg_return": 0.028245231583604934, "buy_hold": 0.05543287456850741}, "AMD": {"num_trades": 1, "total_return": -0.04484964786463108, "win_rate": 0.0, "avg_return": -0.044849647864631075, "buy_hold": 0.017756862644215332}, "AME": {"num_trades": 1, "total_return": -0.0006212753606809063, "win_rate": 0.0, "avg_return": -0.0006212753606809595, "buy_hold": 0.027024689257309942}, "AMGN": {"num_trades": 0, "total_return": null, "win_rate": null, "avg_return": null, "buy_hold": 0.048791145382771586}, "AMT": {"num_trades": 1, "total_return": -0.09177257991271537, "win_rate": 0.0, "avg_return": -0.09177257991271531, "buy_hold": -0.030371639026032866}, "ANET": {"num_trades": 1, "total_return": -0.009039573421684266, "win_rate": 0.0, "avg_return": -0.009039573421684214, "buy_hold": -0.04444301763036444}, "APA": {"num_trades": 1, "total_return": -0.02585207608131712, "win_rate": 0.0, "avg_return": -0.02585207608131716, "buy_hold": -0.027114706023219172}}, "skipped_no_premarket": 0}