{
  "sp500": {
    "n_tickers": 277,
    "n_trades": 489,
    "mean_return": 0.01835744826908517,
    "std_return": 0.11534655354486263,
    "win_rate": 0.5603271983640081,
    "worst": -0.37954950467059806,
    "best": 0.7446521739130435,
    "p_value": 0.00047311996667520243,
    "per_ticker_avg_total": 0.029538216699548408
  },
  "non_sp500": {
    "n_tickers": 1725,
    "n_trades": 3401,
    "mean_return": 0.014668934700188832,
    "std_return": 0.22024744012604158,
    "win_rate": 0.5045574830932079,
    "worst": -0.9261918202428833,
    "best": 2.3066923076923076,
    "p_value": 0.00010466188471601629,
    "per_ticker_avg_total": 0.03268369610257183
  },
  "combined": {
    "n_tickers": 2002,
    "n_trades": 3890,
    "mean_return": 0.015132606457307162,
    "std_return": 0.20995349677359076,
    "win_rate": 0.5115681233933161,
    "worst": -0.9261918202428833,
    "best": 2.3066923076923076,
    "p_value": 7.147171464996361e-06,
    "per_ticker_avg_total": 0.03224848241893673
  }
}