{
  "n_trades": 500,
  "n_tickers": 260,
  "skipped_no_cache": 0,
  "mean_return": 0.03566013283556181,
  "std_return": 0.11175324280153191,
  "win_rate": 0.608,
  "worst": -0.31510259310153593,
  "best": 0.7197112563241672
}