{
  "18": {
    "sp500": {
      "n_tickers": 480,
      "n_trades": 2951,
      "mean_return": 0.017916987272832866,
      "std_return": 0.06873456043003141,
      "win_rate": 0.6147068790240596,
      "worst": -0.27897152306279244,
      "best": 0.49277718523916386,
      "p_value": 4.3397846706453733e-44,
      "per_ticker_avg_total": 0.1155369810506596
    },
    "non_sp500": {
      "n_tickers": 2192,
      "n_trades": 9420,
      "mean_return": 0.007341911197940695,
      "std_return": 0.13588980825095662,
      "win_rate": 0.529723991507431,
      "worst": -0.9657302900254137,
      "best": 2.355249878462406,
      "p_value": 1.606994903030031e-07,
      "per_ticker_avg_total": 0.042256930802787245
    },
    "combined": {
      "n_tickers": 2672,
      "n_trades": 12371,
      "mean_return": 0.009864508360418005,
      "std_return": 0.12331975714167163,
      "win_rate": 0.5499959582895482,
      "worst": -0.9657302900254137,
      "best": 2.355249878462406,
      "p_value": 6.527490625890367e-19,
      "per_ticker_avg_total": 0.05542101168563856
    }
  },
  "21": {
    "sp500": {
      "n_tickers": 482,
      "n_trades": 2969,
      "mean_return": 0.020040282677019357,
      "std_return": 0.0796785851680964,
      "win_rate": 0.6301785112832604,
      "worst": -0.3306285049377904,
      "best": 0.8541402292054433,
      "p_value": 1.7005729998418728e-41,
      "per_ticker_avg_total": 0.1299084478236805
    },
    "non_sp500": {
      "n_tickers": 2233,
      "n_trades": 9589,
      "mean_return": 0.00817824286654078,
      "std_return": 0.14493107424001916,
      "win_rate": 0.5314422776097611,
      "worst": -0.9635220453084439,
      "best": 2.151400939817177,
      "p_value": 3.368127583788167e-08,
      "per_ticker_avg_total": 0.04428030823026679
    },
    "combined": {
      "n_tickers": 2715,
      "n_trades": 12558,
      "mean_return": 0.010982701872537826,
      "std_return": 0.13253128951995435,
      "win_rate": 0.5547857939162287,
      "worst": -0.9635220453084439,
      "best": 2.151400939817177,
      "p_value": 1.854357299225056e-20,
      "per_ticker_avg_total": 0.05948206266268867
    }
  },
  "25": {
    "sp500": {
      "n_tickers": 479,
      "n_trades": 2979,
      "mean_return": 0.02465992578392575,
      "std_return": 0.08794034494475275,
      "win_rate": 0.6290701577710641,
      "worst": -0.503879447917018,
      "best": 0.7972578131843111,
      "p_value": 5.843108548732199e-51,
      "per_ticker_avg_total": 0.16500254272911943
    },
    "non_sp500": {
      "n_tickers": 2244,
      "n_trades": 9653,
      "mean_return": 0.020126452939672083,
      "std_return": 0.16662661430012563,
      "win_rate": 0.564280534548845,
      "worst": -0.9603106726339563,
      "best": 2.799,
      "p_value": 2.9302392934643803e-32,
      "per_ticker_avg_total": 0.1156301303798612
    },
    "combined": {
      "n_tickers": 2723,
      "n_trades": 12632,
      "mean_return": 0.021195580204003278,
      "std_return": 0.15180006852763556,
      "win_rate": 0.5795598480050665,
      "worst": -0.9603106726339563,
      "best": 2.799,
      "p_value": 5.566542583177049e-55,
      "per_ticker_avg_total": 0.12431517831056069
    }
  },
  "30": {
    "sp500": {
      "n_tickers": 482,
      "n_trades": 2996,
      "mean_return": 0.02628189552102003,
      "std_return": 0.10101545792461344,
      "win_rate": 0.6141522029372497,
      "worst": -0.504248547253209,
      "best": 0.8636661055370172,
      "p_value": 1.4086695594798244e-44,
      "per_ticker_avg_total": 0.17921795785322903
    },
    "non_sp500": {
      "n_tickers": 2265,
      "n_trades": 9712,
      "mean_return": 0.025072946742333124,
      "std_return": 0.1784937949296381,
      "win_rate": 0.568986820428336,
      "worst": -0.961362402275927,
      "best": 2.8075584751091545,
      "p_value": 3.590132948601232e-43,
      "per_ticker_avg_total": 0.12533775751180912
    },
    "combined": {
      "n_tickers": 2747,
      "n_trades": 12708,
      "mean_return": 0.025357964883735862,
      "std_return": 0.16356515651020298,
      "win_rate": 0.57963487566887,
      "worst": -0.961362402275927,
      "best": 2.8075584751091545,
      "p_value": 1.326101066160781e-67,
      "per_ticker_avg_total": 0.1347918006732814
    }
  }
}